{"cameraMode":{"drawMode":0,"name":"Shaded","section":"Shading Mode"},"sceneLighting":true,"audioPlay":false,"sceneViewState":{"m_AlwaysRefresh":false,"showFog":true,"showSkybox":true,"showFlares":true,"showImageEffects":true,"showParticleSystems":true,"showVisualEffectGraphs":true,"m_FxEnabled":true},"in2DMode":false,"pivot":{"x":-0.9771561622619629,"y":6.66697883605957,"z":-0.29859161376953127},"rotation":{"x":0.2695164978504181,"y":-0.14235150814056397,"z":0.04035139083862305,"w":0.9516017436981201},"size":10.146513938903809,"orthographic":false}